{"cameraMode":{"drawMode":0,"name":"Shaded","section":"Shading Mode"},"sceneLighting":false,"audioPlay":false,"sceneViewState":{"showFog":true,"showMaterialUpdate":false,"showSkybox":false,"showFlares":true,"showImageEffects":true,"showParticleSystems":true},"in2DMode":false,"pivot":{"x":-0.443972110748291,"y":2.0712890625,"z":0.18128728866577149},"rotation":{"x":-0.07371004670858383,"y":0.6655104160308838,"z":-0.06630880385637284,"w":-0.7397794127464294},"size":7.591894149780273,"orthographic":false}